id,attention_0
0.0,0.20000003278255463
1.0,0.19999997317790985
2.0,0.19999995827674866
3.0,0.19999997317790985
4.0,0.20000003278255463
