id,attention_0
0.0,0.20954373478889465
1.0,0.20543213188648224
2.0,0.20076045393943787
3.0,0.19501999020576477
4.0,0.18924365937709808
