Order,Weight
0.0,0.20977580547332764
1.0,0.20550087094306946
2.0,0.20067773759365082
3.0,0.1949017494916916
4.0,0.18914388120174408
